,,,,,,reported,,,calculated,,calculated,,reported,calculated,,,,,,,,,,,,,,,,,,,,,,
StudyID,EstimateID,Title,comment,Author(s),PubDate,TS_PA_EffSize,bp_PA_EffSize,EffSizeSE,t,k,df,t_CorCoef,rep_CorCoef,CorCoefCorrected,CorCoefSE,Zr,ZrSE,ZrVar,ParSex,Par_SS,OffSex,Off_SS,n_obs,Species,SpermProdSeason,Phylogeny,Tissue,MethFact,OffAgeTL,W_B_PEff,EnvEff,EnvCond,MF_ID,StatM,z_transfTL,LinQuadEff
1,1,"Estimation of environmental, genetic and parental age at conception effects on telomere length in a wild mammal",table s4,"van Lieshout et al., 2021",2021-02-01,0.036,,0.0480,0.750,19,452,0.035,,0.03529,0.0461674,,,,M,108,Both,240,471,Meles meles,Continuous,Meles_meles,Leucocytes,qPCR,Both,Neither,No,Wild,Yes,Mixed effects,Yes,Linear
1,2,"Estimation of environmental, genetic and parental age at conception effects on telomere length in a wild mammal",table s4,"van Lieshout et al., 2021",2021-02-01,-0.033,,0.0500,-0.660,19,452,-0.031,,-0.03106,0.0461804,,,,F,120,Both,240,471,Meles meles,Continuous,Meles_meles,Leucocytes,qPCR,Both,Neither,No,Wild,Yes,Mixed effects,Yes,Linear
1,3,"Estimation of environmental, genetic and parental age at conception effects on telomere length in a wild mammal",table s6,"van Lieshout et al., 2021",2021-02-01,0.055,,0.0640,0.859,15,456,0.040,,0.04025,0.0461501,,,,M,108,Both,240,471,Meles meles,Continuous,Meles_meles,Leucocytes,qPCR,Juvenile,Neither,No,Wild,Yes,Mixed effects,Yes,Linear
1,4,"Estimation of environmental, genetic and parental age at conception effects on telomere length in a wild mammal",table s6,"van Lieshout et al., 2021",2021-02-01,-0.064,,0.0650,-0.985,15,456,-0.046,,-0.04611,0.0461267,,,,F,120,Both,240,471,Meles meles,Continuous,Meles_meles,Leucocytes,qPCR,Juvenile,Neither,No,Wild,Yes,Mixed effects,Yes,Linear
1,5,"Estimation of environmental, genetic and parental age at conception effects on telomere length in a wild mammal",table s7,"van Lieshout et al., 2021",2021-02-01,0.045,,0.0470,0.957,21,450,0.045,,0.04514,0.0461308,,,,M,108,Both,240,471,Meles meles,Continuous,Meles_meles,Leucocytes,qPCR,Juvenile,Within,No,Wild,Yes,Mixed effects,Yes,Linear
1,6,"Estimation of environmental, genetic and parental age at conception effects on telomere length in a wild mammal",table s7,"van Lieshout et al., 2021",2021-02-01,0.012,,0.0470,0.255,21,450,0.012,,0.01205,0.0462183,,,,F,120,Both,240,471,Meles meles,Continuous,Meles_meles,Leucocytes,qPCR,Juvenile,Within,No,Wild,Yes,Mixed effects,Yes,Linear
1,7,"Estimation of environmental, genetic and parental age at conception effects on telomere length in a wild mammal",table s7,"van Lieshout et al., 2021",2021-02-01,0.016,,0.0480,0.333,21,450,0.016,,0.01573,0.0462136,,,,M,108,Both,240,471,Meles meles,Continuous,Meles_meles,Leucocytes,qPCR,Juvenile,Between,No,Wild,Yes,Mixed effects,Yes,Linear
1,8,"Estimation of environmental, genetic and parental age at conception effects on telomere length in a wild mammal",table s7,"van Lieshout et al., 2021",2021-02-01,-0.048,,0.0500,-0.960,21,450,-0.045,,-0.04526,0.0461303,,,,F,120,Both,240,471,Meles meles,Continuous,Meles_meles,Leucocytes,qPCR,Juvenile,Between,No,Wild,Yes,Mixed effects,Yes,Linear
2,9,Telomere heritability and parental age at conception effects in a wild avian population,table 1,"Sparks et al., 2022",2021-02-15,-0.032,,0.0110,-2.909,14,2347,-0.060,,-0.05995,0.0205194,,,,M,354,Both,1156,2361,Acrocephalus sechellensis,Seasonal,Acrocephalus_sechellensis,Erythrocytes,qPCR,Both,Within,No,Wild,Yes,Regression,Yes,Linear
2,10,Telomere heritability and parental age at conception effects in a wild avian population,table 1,"Sparks et al., 2022",2021-02-15,-0.01,,0.0110,-0.909,14,2347,-0.019,,-0.01877,0.0205862,,,,F,380,Both,1156,2361,Acrocephalus sechellensis,Seasonal,Acrocephalus_sechellensis,Erythrocytes,qPCR,Both,Within,No,Wild,Yes,Regression,Yes,Linear
2,11,Telomere heritability and parental age at conception effects in a wild avian population,table 1,"Sparks et al., 2022",2021-02-15,0.001,,0.0090,0.111,14,2347,0.002,,0.00229,0.0205933,,,,M,354,Both,1156,2361,Acrocephalus sechellensis,Seasonal,Acrocephalus_sechellensis,Erythrocytes,qPCR,Both,Between,No,Wild,Yes,Regression,Yes,Linear
2,12,Telomere heritability and parental age at conception effects in a wild avian population,table 1,"Sparks et al., 2022",2021-02-15,0.03,,0.0110,2.727,14,2347,0.056,,0.05622,0.0205283,,,,F,380,Both,1156,2361,Acrocephalus sechellensis,Seasonal,Acrocephalus_sechellensis,Erythrocytes,qPCR,Both,Between,No,Wild,Yes,Regression,Yes,Linear
2,13,Telomere heritability and parental age at conception effects in a wild avian population,table s4 all ages,"Sparks et al., 2022",2021-02-15,-0.005,,0.0030,-1.667,12,2349,-0.034,,-0.03437,0.0205691,,,,M,354,Both,1156,2361,Acrocephalus sechellensis,Seasonal,Acrocephalus_sechellensis,Erythrocytes,qPCR,Both,Neither,No,Wild,Yes,Regression,No,Linear
2,14,Telomere heritability and parental age at conception effects in a wild avian population,table s4 all ages,"Sparks et al., 2022",2021-02-15,0.004,,0.0030,1.333,12,2349,0.028,,0.02751,0.0205778,,,,F,380,Both,1156,2361,Acrocephalus sechellensis,Seasonal,Acrocephalus_sechellensis,Erythrocytes,qPCR,Both,Neither,No,Wild,Yes,Regression,No,None
2,15,Telomere heritability and parental age at conception effects in a wild avian population,table s4 chicks,"Sparks et al., 2022",2021-02-15,0.001,,0.0090,0.111,11,293,0.006,,0.00650,0.0576366,,,,M,354,Both,304,304,Acrocephalus sechellensis,Seasonal,Acrocephalus_sechellensis,Erythrocytes,qPCR,Juvenile,Neither,No,Wild,Yes,Regression,No,None
2,16,Telomere heritability and parental age at conception effects in a wild avian population,table s4 chicks,"Sparks et al., 2022",2021-02-15,0,,0.0080,0.000,11,293,0.000,,0.00000,0.0576390,,,,F,380,Both,304,304,Acrocephalus sechellensis,Seasonal,Acrocephalus_sechellensis,Erythrocytes,qPCR,Juvenile,Neither,No,Wild,Yes,Regression,No,Linear
2,17,Telomere heritability and parental age at conception effects in a wild avian population,table s4 juveniles,"Sparks et al., 2022",2021-02-15,-0.004,,0.0040,-1.000,11,1126,-0.030,,-0.02980,0.0296693,,,,M,354,Both,958,1137,Acrocephalus sechellensis,Seasonal,Acrocephalus_sechellensis,Erythrocytes,qPCR,Juvenile,Neither,No,Wild,Yes,Regression,No,Linear
2,18,Telomere heritability and parental age at conception effects in a wild avian population,table s4 juveniles,"Sparks et al., 2022",2021-02-15,0.002,,0.0040,0.500,11,1126,0.015,,0.01491,0.0296891,,,,F,380,Both,958,1137,Acrocephalus sechellensis,Seasonal,Acrocephalus_sechellensis,Erythrocytes,qPCR,Juvenile,Neither,No,Wild,Yes,Regression,No,None
2,19,Telomere heritability and parental age at conception effects in a wild avian population,table s6 all ages,"Sparks et al., 2022",2021-02-15,-0.013,,0.0070,-1.857,12,2349,-0.038,,-0.03830,0.0205632,,,,M,354,Both,1156,2361,Acrocephalus sechellensis,Seasonal,Acrocephalus_sechellensis,Erythrocytes,qPCR,Juvenile,Neither,No,Wild,Yes,Regression,Yes,Linear
2,20,Telomere heritability and parental age at conception effects in a wild avian population,table s6 all ages,"Sparks et al., 2022",2021-02-15,0.01,,0.0080,1.250,12,2349,0.026,,0.02579,0.0205797,,,,F,380,Both,1156,2361,Acrocephalus sechellensis,Seasonal,Acrocephalus_sechellensis,Erythrocytes,qPCR,Juvenile,Neither,No,Wild,Yes,Regression,Yes,Linear
2,21,Telomere heritability and parental age at conception effects in a wild avian population,table s6 chicks,"Sparks et al., 2022",2021-02-15,0.009,,0.0210,0.429,11,293,0.025,,0.02507,0.0576028,,,,M,354,Both,304,304,Acrocephalus sechellensis,Seasonal,Acrocephalus_sechellensis,Erythrocytes,qPCR,Juvenile,Neither,No,Wild,Yes,Regression,Yes,Linear
2,22,Telomere heritability and parental age at conception effects in a wild avian population,table s6 chicks,"Sparks et al., 2022",2021-02-15,0,,0.0200,0.000,11,293,0.000,,0.00000,0.0576390,,,,F,380,Both,304,304,Acrocephalus sechellensis,Seasonal,Acrocephalus_sechellensis,Erythrocytes,qPCR,Juvenile,Neither,No,Wild,Yes,Regression,Yes,Linear
2,23,Telomere heritability and parental age at conception effects in a wild avian population,table s6 juveniles,"Sparks et al., 2022",2021-02-15,-0.008,,0.0090,-0.889,11,1126,-0.026,,-0.02649,0.0296749,,,,M,354,Both,958,1137,Acrocephalus sechellensis,Seasonal,Acrocephalus_sechellensis,Erythrocytes,qPCR,Juvenile,Neither,No,Wild,Yes,Regression,Yes,Linear
2,24,Telomere heritability and parental age at conception effects in a wild avian population,table s6 juveniles,"Sparks et al., 2022",2021-02-15,0.004,,0.0100,0.400,11,1126,0.012,,0.01192,0.0296915,,,,F,380,Both,958,1137,Acrocephalus sechellensis,Seasonal,Acrocephalus_sechellensis,Erythrocytes,qPCR,Juvenile,Neither,No,Wild,Yes,Regression,Yes,Linear
3,25,In young men sperm telomere length is related to sperm number and parental age,Figure 5,"Ferlin et al., 2013",2013-10-27,,,,,,,,0.2462,0.24770,0.1062805,,,,M,NA,M,81,81,Homo sapiens,Continuous,Homo_sapiens,Sperm,qPCR,Adult,Neither,No,Human,No,Correlation,No,Linear
3,26,In young men sperm telomere length is related to sperm number and parental age,Figure 5,"Ferlin et al., 2013",2013-10-27,,,,,,,,0.3328,0.33472,0.1005418,,,,F,NA,M,81,81,Homo sapiens,Continuous,Homo_sapiens,Sperm,qPCR,Adult,Neither,No,Human,No,Correlation,No,Linear
3,27,In young men sperm telomere length is related to sperm number and parental age,Figure 5,"Ferlin et al., 2013",2013-10-27,,,,,,,,0.1439,0.14482,0.1108532,,,,M,NA,M,81,81,Homo sapiens,Continuous,Homo_sapiens,Leucocytes,qPCR,Adult,Neither,No,Human,No,Correlation,No,Linear
3,28,In young men sperm telomere length is related to sperm number and parental age,Figure 5,"Ferlin et al., 2013",2013-10-27,,,,,,,,0.3358,0.33773,0.1003124,,,,F,NA,M,81,81,Homo sapiens,Continuous,Homo_sapiens,Leucocytes,qPCR,Adult,Neither,No,Human,No,Correlation,No,Linear
4,29,No evidence for parental age effects on offspring leukocyte telomere length in free-living Soay sheep,Table S1,"Froy et al., 2017",2017-08-30,0.007,,0.0040,1.750,9,380,0.089,,0.08953,0.0504907,,,,M,138,Both,318,389,Ovis aries,Seasonal,Ovis_aries,Leucocytes,qPCR,Both,Neither,No,Wild,Yes,Regression,No,Linear
4,30,No evidence for parental age effects on offspring leukocyte telomere length in free-living Soay sheep,Table S1,"Froy et al., 2017",2017-08-30,0.001,,0.0050,0.200,9,380,0.010,,0.01027,0.0508933,,,,F,208,Both,318,389,Ovis aries,Seasonal,Ovis_aries,Leucocytes,qPCR,Both,Neither,No,Wild,Yes,Regression,No,Linear
4,31,No evidence for parental age effects on offspring leukocyte telomere length in free-living Soay sheep,Table S2,"Froy et al., 2017",2017-08-30,0.007,,0.0040,1.750,7,157,0.138,,0.13875,0.0772939,,,,M,69,Both,164,164,Ovis aries,Seasonal,Ovis_aries,Leucocytes,qPCR,Juvenile,Neither,No,Wild,Yes,Regression,No,Linear
4,32,No evidence for parental age effects on offspring leukocyte telomere length in free-living Soay sheep,Table S2,"Froy et al., 2017",2017-08-30,0.001,,0.0050,0.200,7,157,0.016,,0.01601,0.0787908,,,,F,119,Both,164,164,Ovis aries,Seasonal,Ovis_aries,Leucocytes,qPCR,Juvenile,Neither,No,Wild,Yes,Regression,No,Linear
5,33,Sex Differences in Sand Lizard Telomere Inheritance: Paternal Epigenetic Effects Increases Telomere Heritability and Offspring Survival,Figure 4,"Olsson et al., 2011",2011-04-22,,,,,,,,-0.590,-0.61404,0.2076521,,,,M,40,M,12,12,Lacerta agilis,Seasonal,Lacerta_agilis,Erythrocytes,TRFSouthern,Adult,Neither,No,Wild,Yes,Correlation,No,None
6,34,"Sperm telomere length is associated with sperm nuclear DNA integrity and mitochondrial DNA abnormalities among healthy male college students in Chongqing, China",Figure 3c,"Ling et al., 2023",2023-04-05,,,,,,,,0.1270,0.12714,0.0468493,,,,M,NA,M,444,444,Homo sapiens,Continuous,Homo_sapiens,Sperm,qPCR,Adult,Neither,No,Human,No,Correlation,No,Linear
6,35,"Sperm telomere length is associated with sperm nuclear DNA integrity and mitochondrial DNA abnormalities among healthy male college students in Chongqing, China",Figure 3d,"Ling et al., 2023",2023-04-05,,,,,,,,0.076,0.07609,0.0473434,,,,F,NA,M,444,444,Homo sapiens,Continuous,Homo_sapiens,Sperm,qPCR,Adult,Neither,No,Human,No,Correlation,No,Linear
7,36,Older paternal ages and grandpaternal ages at conception predict longer telomeres in human descendants,table 2,"Eisenberg et al., 2019",2019-05-23,0.014,,0.0034,4.098,4,1734,0.098,,0.09798,0.0237772,,,,M,NA,Both,1738,1738,Homo sapiens,Continuous,Homo_sapiens,Leucocytes,qPCR,Adult,Neither,No,Human,No,Regression,Yes,Linear
7,37,Older paternal ages and grandpaternal ages at conception predict longer telomeres in human descendants,table 2,"Eisenberg et al., 2019",2019-05-23,0.019,,0.0042,4.564,2,911,0.150,,0.14959,0.0324078,,,,M,NA,F,913,913,Homo sapiens,Continuous,Homo_sapiens,Leucocytes,qPCR,Adult,Neither,No,Human,No,Regression,Yes,Linear
7,38,Older paternal ages and grandpaternal ages at conception predict longer telomeres in human descendants,table 2,"Eisenberg et al., 2019",2019-05-23,0.003,,0.0044,0.681,2,629,0.027,,0.02715,0.0398749,,,,M,NA,M,631,631,Homo sapiens,Continuous,Homo_sapiens,Leucocytes,qPCR,Adult,Neither,No,Human,No,Regression,Yes,Linear
8,39,Reduced telomere length in offspring of old fathers in a long-lived seabird,Table S1,"Bouwhuis et al., 2018",2018-06-13,,-35,15.0000,-2.333,4,138,-0.195,,-0.19550,0.0815771,,,,M,58,Both,142,142,Sterna hirundo,Seasonal,Sterna_hirundo,Erythrocytes,TRFInGel,Juvenile,Neither,No,Wild,Yes,Regression,No,Linear
8,40,Reduced telomere length in offspring of old fathers in a long-lived seabird,Table S1,"Bouwhuis et al., 2018",2018-06-13,,-15,16.0000,-0.938,4,125,-0.084,,-0.08389,0.0884601,,,,F,52,Both,129,129,Sterna hirundo,Seasonal,Sterna_hirundo,Erythrocytes,TRFInGel,Juvenile,Neither,No,Wild,Yes,Regression,No,Linear
9,41,Parental age influences offspring telomere loss,Table 1,"Heidinger et al., 2016",2015-12-16,-0.012,,0.0060,-2.000,8,145,-0.164,,-0.16438,0.0794434,,,,M,80,Both,153,153,Gulosus aristotelis,Seasonal,Gulosus_aristotelis,Erythrocytes,qPCR,Juvenile,Neither,No,Wild,Yes,Regression,No,Linear
9,42,Parental age influences offspring telomere loss,Table 1,"Heidinger et al., 2016",2015-12-16,-0.017,,0.0080,-2.125,8,116,-0.194,,-0.19435,0.0874754,,,,F,64,Both,124,124,Gulosus aristotelis,Seasonal,Gulosus_aristotelis,Erythrocytes,qPCR,Juvenile,Neither,No,Wild,Yes,Regression,No,Linear
10,43,Parental age and offspring leukocyte telomere length and attrition in midlife: Evidence from the 1946 British birth cohort,"Table 2, model 3, Full sample","Wulaningsih et al., 2018",2018-09-15,,29.43,10.1071,2.912,8,2154,0.063,,0.06263,0.0214371,,,,M,NA,Both,2162,2162,Homo sapiens,Continuous,Homo_sapiens,Leucocytes,qPCR,Adult,Neither,No,Human,No,Regression,No,Linear
10,44,Parental age and offspring leukocyte telomere length and attrition in midlife: Evidence from the 1946 British birth cohort,"Table 2, model 3, Full sample","Wulaningsih et al., 2018",2018-09-15,,-20.942,11.8398,-1.769,8,2154,-0.038,,-0.03809,0.0214903,,,,F,NA,Both,2162,2162,Homo sapiens,Continuous,Homo_sapiens,Leucocytes,qPCR,Adult,Neither,No,Human,No,Regression,No,Linear
11,45,Decreasing initial telomere length in humans intergenerationally understates age-associated telomere shortening,Table 1; uk twins,"Holohan et al., 2015",2015-05-07,,13.39,1.9133,6.999,3,2707,0.133,,0.13334,0.0188784,,,,M,NA,Both,2710,2710,Homo sapiens,Continuous,Homo_sapiens,Leucocytes,TRFSouthern,Adult,Neither,No,Human,No,Regression,No,Linear
11,46,Decreasing initial telomere length in humans intergenerationally understates age-associated telomere shortening,Table 1; NHLBI-FHS ,"Holohan et al., 2015",2015-05-07,,14.56,1.7959,8.107,3,2174,0.171,,0.17135,0.0208175,,,,M,NA,Both,2177,2177,Homo sapiens,Continuous,Homo_sapiens,Leucocytes,TRFSouthern,Adult,Neither,No,Human,No,Regression,No,Linear
11,47,Decreasing initial telomere length in humans intergenerationally understates age-associated telomere shortening,Table 1; Asklepios,"Holohan et al., 2015",2015-05-07,,17.17,2.1735,7.900,3,2174,0.167,,0.16709,0.0208484,,,,M,NA,Both,2177,2177,Homo sapiens,Continuous,Homo_sapiens,Leucocytes,TRFSouthern,Adult,Neither,No,Human,No,Regression,No,Linear
11,48,Decreasing initial telomere length in humans intergenerationally understates age-associated telomere shortening,Table 1; Combined,"Holohan et al., 2015",2015-05-07,,14.85,1.1378,13.052,3,2431,0.256,,0.25595,0.0189531,,,,M,NA,Both,2434,2434,Homo sapiens,Continuous,Homo_sapiens,Leucocytes,TRFSouthern,Adult,Neither,No,Human,No,Regression,No,Linear
12,49,"Meta-analysis of telomere length in 19 713 subjects reveals high heritability, stronger maternal inheritance and a paternal age effect",ERF,"Broer et al., 2013",2016-01-16,0.0086,,0.0038,2.263,3,557,0.095,,0.09554,0.0419846,,,,M,NA,Both,560,560,Homo sapiens,Continuous,Homo_sapiens,Leucocytes,qPCR,Adult,Neither,No,Human,No,Regression,No,Linear
12,50,"Meta-analysis of telomere length in 19 713 subjects reveals high heritability, stronger maternal inheritance and a paternal age effect",GRAPHIC,"Broer et al., 2013",2016-01-16,0.0053,,0.0030,1.767,3,980,0.056,,0.05637,0.0318423,,,,M,NA,Both,983,983,Homo sapiens,Continuous,Homo_sapiens,Leucocytes,qPCR,Adult,Neither,No,Human,No,Regression,No,Linear
12,51,"Meta-analysis of telomere length in 19 713 subjects reveals high heritability, stronger maternal inheritance and a paternal age effect",LLS,"Broer et al., 2013",2016-01-16,0.0029,,0.0021,1.381,3,1584,0.035,,0.03469,0.0250957,,,,M,NA,Both,1587,1587,Homo sapiens,Continuous,Homo_sapiens,Leucocytes,qPCR,Adult,Neither,No,Human,No,Regression,No,Linear
12,52,"Meta-analysis of telomere length in 19 713 subjects reveals high heritability, stronger maternal inheritance and a paternal age effect",NTR,"Broer et al., 2013",2016-01-16,0.008,,0.0031,2.581,3,1302,0.071,,0.07136,0.0275726,,,,M,NA,Both,1305,1305,Homo sapiens,Continuous,Homo_sapiens,Leucocytes,qPCR,Adult,Neither,No,Human,No,Regression,No,Linear
12,53,"Meta-analysis of telomere length in 19 713 subjects reveals high heritability, stronger maternal inheritance and a paternal age effect",QIMR,"Broer et al., 2013",2016-01-16,0.0066,,0.0048,1.375,3,689,0.052,,0.05235,0.0379926,,,,M,NA,Both,692,692,Homo sapiens,Continuous,Homo_sapiens,Leucocytes,qPCR,Both,Neither,No,Human,No,Regression,No,Linear
12,54,"Meta-analysis of telomere length in 19 713 subjects reveals high heritability, stronger maternal inheritance and a paternal age effect",Meta-analysis,"Broer et al., 2013",2016-01-16,0.0053,,0.0013,4.077,8,5119,0.057,,0.05690,0.0139247,,,,M,NA,Both,5127,5127,Homo sapiens,Continuous,Homo_sapiens,Leucocytes,qPCR,Adult,Neither,No,Human,No,Regression,No,Linear
12,55,"Meta-analysis of telomere length in 19 713 subjects reveals high heritability, stronger maternal inheritance and a paternal age effect",ERF,"Broer et al., 2013",2016-01-16,0.0035,,0.0028,1.250,3,575,0.052,,0.05210,0.0415897,,,,F,NA,Both,578,578,Homo sapiens,Continuous,Homo_sapiens,Leucocytes,qPCR,Adult,Neither,No,Human,No,Regression,No,Linear
12,56,"Meta-analysis of telomere length in 19 713 subjects reveals high heritability, stronger maternal inheritance and a paternal age effect",GRAPHIC,"Broer et al., 2013",2016-01-16,0.0011,,0.0029,0.379,3,981,0.012,,0.01212,0.0319229,,,,F,NA,Both,984,984,Homo sapiens,Continuous,Homo_sapiens,Leucocytes,qPCR,Adult,Neither,No,Human,No,Regression,No,Linear
12,57,"Meta-analysis of telomere length in 19 713 subjects reveals high heritability, stronger maternal inheritance and a paternal age effect",LLS,"Broer et al., 2013",2016-01-16,0.003,,0.0021,1.429,3,1575,0.036,,0.03598,0.0251650,,,,F,NA,Both,1578,1578,Homo sapiens,Continuous,Homo_sapiens,Leucocytes,qPCR,Adult,Neither,No,Human,No,Regression,No,Linear
12,58,"Meta-analysis of telomere length in 19 713 subjects reveals high heritability, stronger maternal inheritance and a paternal age effect",NTR,"Broer et al., 2013",2016-01-16,0.0064,,0.0031,2.065,3,1543,0.052,,0.05250,0.0253874,,,,F,NA,Both,1546,1546,Homo sapiens,Continuous,Homo_sapiens,Leucocytes,qPCR,Adult,Neither,No,Human,No,Regression,No,Linear
12,59,"Meta-analysis of telomere length in 19 713 subjects reveals high heritability, stronger maternal inheritance and a paternal age effect",QIMR,"Broer et al., 2013",2016-01-16,0.0072,,0.0048,1.500,3,812,0.053,,0.05260,0.0349960,,,,F,NA,Both,815,815,Homo sapiens,Continuous,Homo_sapiens,Leucocytes,qPCR,Both,Neither,No,Human,No,Regression,No,Linear
12,60,"Meta-analysis of telomere length in 19 713 subjects reveals high heritability, stronger maternal inheritance and a paternal age effect",Meta-analysis,"Broer et al., 2013",2016-01-16,0.0032,,0.0013,2.462,8,5119,0.034,,0.03439,0.0139534,,,,F,NA,Both,5127,5127,Homo sapiens,Continuous,Homo_sapiens,Leucocytes,qPCR,Adult,Neither,No,Human,No,Regression,No,Linear
13,61,Paternal age is positively linked to telomere length of children,"""On average, offspring had 22 more base pairs for each year older their father was at conception (95% CI 5.238.3 bp, r = 0.46, P = 0.01, n = 113 – after adjustment for subject age)""","Unryn et al., 2005",2005-02-08,,,,,,,,0.460,0.46150,0.0712534,,,,M,NA,Both,125,125,Homo sapiens,Continuous,Homo_sapiens,Leucocytes,TRFInGel,Adult,Neither,Yes,Human,No,Regression,No,Linear
13,62,Paternal age is positively linked to telomere length of children,"""... maternal age did not significantly influence the telomere length of either male or female offspring (r = 0.57, P = 0.30 and r = 0.26, P = 0.54, respectively – with or without subject age adjustment)""","Unryn et al., 2005",2005-02-08,,,,,,,,0.570,0.57409,0.0967663,,,,F,NA,M,51,51,Homo sapiens,Continuous,Homo_sapiens,Leucocytes,TRFInGel,Adult,Neither,Yes,Human,No,Regression,No,Linear
13,63,Paternal age is positively linked to telomere length of children,,"Unryn et al., 2005",2005-02-08,,,,,,,,0.260,0.26173,0.1105483,,,,F,NA,F,74,74,Homo sapiens,Continuous,Homo_sapiens,Leucocytes,TRFInGel,Adult,Neither,Yes,Human,No,Regression,No,Linear
14,64,Offspring telomere length in the long lived Alpine swift is negatively related to the age of their biological father and foster mother,table 1,"Criscuolo et al., 2017",2017-09-13,-0.038,,0.0170,-2.190,,46.5,-0.306,,-0.30730,0.0944120,,,,M,54,Both,95,95,Tachymarptis melba,Seasonal,Tachymarptis_melba,Erythrocytes,qPCR,Juvenile,Neither,No,Wild,No,Mixed effects,No,Linear
14,65,Offspring telomere length in the long lived Alpine swift is negatively related to the age of their biological father and foster mother,table 1,"Criscuolo et al., 2017",2017-09-13,-0.026,,0.0200,-1.320,,56,-0.174,,-0.17464,0.1010776,,,,F,53,Both,95,95,Tachymarptis melba,Seasonal,Tachymarptis_melba,Erythrocytes,qPCR,Juvenile,Neither,No,Wild,No,Mixed effects,No,Linear
15,66,"Leukocyte telomere length, breast cancer risk in the offspring: The relations with father's age at birth",table 2,"Arbeev et al., 2011",2011-02-25,,2,8.2143,0.243,2,993,0.008,,0.00773,0.0317481,,,,M,NA,M,995,995,Homo sapiens,Continuous,Homo_sapiens,Leucocytes,TRFSouthern,Adult,Neither,Yes,Human,No,Regression,No,Linear
15,67,"Leukocyte telomere length, breast cancer risk in the offspring: The relations with father's age at birth",table 2,"Arbeev et al., 2011",2011-02-25,,15.5,2.8061,5.524,2,1180,0.159,,0.15883,0.0283888,,,,M,NA,F,1182,1182,Homo sapiens,Continuous,Homo_sapiens,Leucocytes,TRFSouthern,Adult,Neither,Yes,Human,No,Regression,No,Linear
15,68,"Leukocyte telomere length, breast cancer risk in the offspring: The relations with father's age at birth",table 2,"Arbeev et al., 2011",2011-02-25,,14.3,2.6020,5.496,2,993,0.172,,0.17189,0.0308119,,,,F,NA,M,995,995,Homo sapiens,Continuous,Homo_sapiens,Leucocytes,TRFSouthern,Adult,Neither,Yes,Human,No,Regression,No,Linear
15,69,"Leukocyte telomere length, breast cancer risk in the offspring: The relations with father's age at birth",table 2,"Arbeev et al., 2011",2011-02-25,,13.4,3.2653,4.104,2,1180,0.119,,0.11867,0.0287133,,,,F,NA,F,1182,1182,Homo sapiens,Continuous,Homo_sapiens,Leucocytes,TRFSouthern,Adult,Neither,Yes,Human,No,Regression,No,Linear
16,70,"Offspring's leukocyte telomere length, paternal age, and telomere elongation in sperm",Framingham Father/Son (Table 1),"Kimura et al., 2008",2008-02-15,,21.2,8.2653,2.565,6,229,0.167,0.210,0.21043,0.0627459,,,,M,NA,M,235,235,Homo sapiens,Continuous,Homo_sapiens,Leucocytes,TRFSouthern,Adult,Neither,Yes,Human,No,Regression,No,Linear
16,71,"Offspring's leukocyte telomere length, paternal age, and telomere elongation in sperm",Framingham Mother/Son (Table 1),"Kimura et al., 2008",2008-02-15,,-0.6,9.5918,-0.063,6,229,-0.004,,-0.00414,0.0656521,,,,F,NA,M,235,235,Homo sapiens,Continuous,Homo_sapiens,Leucocytes,TRFSouthern,Adult,Neither,Yes,Human,No,Regression,No,Linear
16,72,"Offspring's leukocyte telomere length, paternal age, and telomere elongation in sperm",NHLBI-Heart Father/Daughter (Table 2),"Kimura et al., 2008",2008-02-15,,24.1,9.0816,2.654,5,487,0.119,0.140,0.14014,0.0443334,,,,M,NA,F,492,492,Homo sapiens,Continuous,Homo_sapiens,Leucocytes,TRFSouthern,Adult,Neither,Yes,Human,No,Regression,No,Linear
16,73,"Offspring's leukocyte telomere length, paternal age, and telomere elongation in sperm",NHLBI-Heart Mother/Daughter (Table 2),"Kimura et al., 2008",2008-02-15,,-15.8,10.3061,-1.533,5,487,-0.069,,-0.06937,0.0450039,,,,F,NA,F,492,492,Homo sapiens,Continuous,Homo_sapiens,Leucocytes,TRFSouthern,Adult,Neither,Yes,Human,No,Regression,No,Linear
16,74,"Offspring's leukocyte telomere length, paternal age, and telomere elongation in sperm",NHLBI-Heart Father/Son (Table 2),"Kimura et al., 2008",2008-02-15,,12.5,7.8571,1.591,5,350,0.085,0.190,0.19026,0.0513708,,,,M,NA,M,355,355,Homo sapiens,Continuous,Homo_sapiens,Leucocytes,TRFSouthern,Adult,Neither,Yes,Human,No,Regression,No,Linear
16,75,"Offspring's leukocyte telomere length, paternal age, and telomere elongation in sperm",NHLBI-Heart Mother/Son (Table 2),"Kimura et al., 2008",2008-02-15,,-1,10.8673,-0.092,5,350,-0.005,0.170,0.17024,0.0517555,,,,F,NA,M,355,355,Homo sapiens,Continuous,Homo_sapiens,Leucocytes,TRFSouthern,Adult,Neither,Yes,Human,No,Regression,No,Linear
16,76,"Offspring's leukocyte telomere length, paternal age, and telomere elongation in sperm",Father/Son Danish Twins (Table 3),"Kimura et al., 2008",2008-02-15,,55,14.2857,3.850,3,41,0.515,0.630,0.63475,0.0932503,,,,M,NA,M,44,44,Homo sapiens,Continuous,Homo_sapiens,Leucocytes,TRFSouthern,Adult,Neither,No,Human,No,Regression,No,Linear
16,77,"Offspring's leukocyte telomere length, paternal age, and telomere elongation in sperm",Mother/Son Danish Twins (Table 3),"Kimura et al., 2008",2008-02-15,,-32,20.7653,-1.541,3,41,-0.234,,-0.23675,0.1474200,,,,F,NA,M,44,44,Homo sapiens,Continuous,Homo_sapiens,Leucocytes,TRFSouthern,Adult,Neither,No,Human,No,Regression,No,Linear
16,78,"Offspring's leukocyte telomere length, paternal age, and telomere elongation in sperm",Father/Daughter UK Twins (Table 4),"Kimura et al., 2008",2008-02-15,,20.4,5.6633,3.602,10,1944,0.081,0.170,0.17004,0.0219851,,,,M,NA,F,1954,1954,Homo sapiens,Continuous,Homo_sapiens,Leucocytes,TRFSouthern,Adult,Neither,Yes,Human,No,Regression,No,Linear
16,79,"Offspring's leukocyte telomere length, paternal age, and telomere elongation in sperm",Mother/Daughter UK Twins (Table 4),"Kimura et al., 2008",2008-02-15,,-4.8,7.0918,-0.677,10,1944,-0.015,,-0.01535,0.0226344,,,,F,NA,F,1954,1954,Homo sapiens,Continuous,Homo_sapiens,Leucocytes,TRFSouthern,Adult,Neither,Yes,Human,No,Regression,No,Linear
17,80,Maternal and genetic factors determine early life telomere length,table 1,"Asghar et al., 2015",2015-01-22,,,,,,,,0.110,0.11040,0.0847041,,,,M,46,Both,139,139,Acrocephalus arundinaceus,Seasonal,Acrocephalus_arundinaceus,Erythrocytes,qPCR,Juvenile,Neither,No,Wild,Yes,Regression,No,Linear
17,81,Maternal and genetic factors determine early life telomere length,table 1,"Asghar et al., 2015",2015-01-22,,,,,,,,0.410,0.41126,0.0712459,,,,F,46,Both,139,139,Acrocephalus arundinaceus,Seasonal,Acrocephalus_arundinaceus,Erythrocytes,qPCR,Juvenile,Neither,No,Wild,Yes,Regression,No,Linear
18,82,Telomere length in early childhood: Early life risk factors and association with carotid intima-media thickness in later childhood,Table S2,"Skilton et al., 2016",2020-08-29,0.013,,0.0066,1.960,12,226,0.129,,0.12955,0.0641379,,,,M,NA,Both,331,238,Homo sapiens,Continuous,Homo_sapiens,Leucocytes,qPCR,Juvenile,Neither,Yes,Human,No,Regression,No,Linear
18,83,Telomere length in early childhood: Early life risk factors and association with carotid intima-media thickness in later childhood,Table S2,"Skilton et al., 2016",2020-08-29,-0.01,,0.0077,-1.307,12,226,-0.087,,-0.08678,0.0647416,,,,F,NA,Both,331,238,Homo sapiens,Continuous,Homo_sapiens,Leucocytes,qPCR,Juvenile,Neither,Yes,Human,No,Regression,No,None
19,84,Paternal age at birth is an important determinant of offspring telomere length,Table 2,"De Meyer et al., 2007",2007-09-19,,17,2.5510,6.664,5,2428,0.134,,0.13405,0.0199215,,,,M,2433,Both,2433,2433,Homo sapiens,Continuous,Homo_sapiens,Leucocytes,TRFSouthern,Adult,Neither,No,Human,No,Regression,No,Linear
19,85,Paternal age at birth is an important determinant of offspring telomere length,"""After splitting the dataset according to gender, in men, (offspring age-adjusted) TL values are estimated to increase with 15.5 bp (95% CI: 9.6– 21.3) for each year the father is older at their sons’ birth.""","De Meyer et al., 2007",2007-09-19,,15.5,2.9592,5.238,5,1171,0.151,,0.15137,0.0285289,,,,M,2433,M,1176,1176,Homo sapiens,Continuous,Homo_sapiens,Leucocytes,TRFSouthern,Adult,Neither,No,Human,No,Regression,No,Linear
19,86,Paternal age at birth is an important determinant of offspring telomere length,"""For daughters, this estimate is 19.1 bp (95% CI: 13.0 – 25.3), showing no statistical difference between both genders.""","De Meyer et al., 2007",2007-09-19,,19.1,3.1633,6.038,5,1252,0.168,,0.16828,0.0274395,,,,M,2433,F,1257,1257,Homo sapiens,Continuous,Homo_sapiens,Leucocytes,TRFSouthern,Adult,Neither,No,Human,No,Regression,No,Linear
20,87,Links between parental life histories of wild salmon and the telomere lengths of their offspring,Embryo RTL; table s2,"McLennan et al., 2018",2017-12-23,-0.007,,0.0100,-0.700,,22.87,-0.145,,-0.14610,0.1296261,,,,M,51,Both,60,60,Salmo salar,Seasonal,Salmo_salar,Caudal fin,qPCR,Juvenile,Neither,Yes,Captive,No,Regression,No,Linear
20,88,Links between parental life histories of wild salmon and the telomere lengths of their offspring,Embryo RTL; table s2,"McLennan et al., 2018",2017-12-23,0.021,,0.0300,0.700,,10.33,0.213,,0.21462,0.1263522,,,,F,41,Both,60,60,Salmo salar,Seasonal,Salmo_salar,Caudal fin,qPCR,Juvenile,Neither,Yes,Captive,No,Regression,No,Linear
20,89,Links between parental life histories of wild salmon and the telomere lengths of their offspring,Fry RTL; table s2,"McLennan et al., 2018",2017-12-23,-0.015,,0.0100,-1.500,,8.56,-0.456,,-0.45945,0.1044931,,,,M,51,Both,60,60,Salmo salar,Seasonal,Salmo_salar,Caudal fin,qPCR,Juvenile,Neither,Yes,Captive,No,Regression,No,Linear
20,90,Links between parental life histories of wild salmon and the telomere lengths of their offspring,Fry RTL; table s2,"McLennan et al., 2018",2017-12-23,0.007,,0.0300,0.233,,5.98,0.095,,0.09583,0.1312370,,,,F,41,Both,60,60,Salmo salar,Seasonal,Salmo_salar,Caudal fin,qPCR,Juvenile,Neither,Yes,Captive,No,Regression,No,Linear
21,91,Variability in newborn telomere length is explained by inheritance and intrauterine environment,table 3,"Chen et al., 2022",2022-01-25,0.13,,0.0357,3.640,10,711,0.135,,0.13535,0.0366360,,,,M,NA,Both,721,721,Homo sapiens,Continuous,Homo_sapiens,Umbilical cord,qPCR,Juvenile,Neither,Yes,Human,No,Regression,Yes,Linear
21,92,Variability in newborn telomere length is explained by inheritance and intrauterine environment,table 3,"Chen et al., 2022",2022-01-25,0.2,,0.0459,4.356,8,370,0.221,,0.22112,0.0491148,,,,M,NA,M,378,378,Homo sapiens,Continuous,Homo_sapiens,Umbilical cord,qPCR,Juvenile,Neither,Yes,Human,No,Regression,Yes,Linear
21,93,Variability in newborn telomere length is explained by inheritance and intrauterine environment,"table 3 is ""reported best"" but s2 is the most complicated","Chen et al., 2022",2022-01-25,0.07,,0.0357,1.960,51,899,0.065,,0.06526,0.0323572,,,,F,NA,Both,950,950,Homo sapiens,Continuous,Homo_sapiens,Umbilical cord,qPCR,Juvenile,Neither,Yes,Human,No,Regression,Yes,Linear
21,94,Variability in newborn telomere length is explained by inheritance and intrauterine environment,table 2,"Chen et al., 2022",2022-01-25,0.10,,0.0357,2.800,51,754,0.101,,0.10151,0.0349474,,,,M,NA,Both,805,805,Homo sapiens,Continuous,Homo_sapiens,Umbilical cord,qPCR,Juvenile,Neither,Yes,Human,No,Regression,Yes,Linear
21,95,Variability in newborn telomere length is explained by inheritance and intrauterine environment,table 2,"Chen et al., 2022",2022-01-25,0.13,,0.1537,0.846,51,376,0.044,,0.04364,0.0484718,,,,M,NA,M,427,427,Homo sapiens,Continuous,Homo_sapiens,Umbilical cord,qPCR,Juvenile,Neither,Yes,Human,No,Regression,Yes,Linear
21,96,Variability in newborn telomere length is explained by inheritance and intrauterine environment,table 2,"Chen et al., 2022",2022-01-25,0.11,,0.0459,2.396,51,449,0.112,,0.11245,0.0442889,,,,F,NA,M,500,500,Homo sapiens,Continuous,Homo_sapiens,Umbilical cord,qPCR,Juvenile,Neither,Yes,Human,No,Regression,Yes,Linear
21,97,Variability in newborn telomere length is explained by inheritance and intrauterine environment,table 2,"Chen et al., 2022",2022-01-25,0.06,,0.0510,1.176,51,327,0.065,,0.06498,0.0514217,,,,M,NA,F,378,378,Homo sapiens,Continuous,Homo_sapiens,Umbilical cord,qPCR,Juvenile,Neither,Yes,Human,No,Regression,Yes,None
21,98,Variability in newborn telomere length is explained by inheritance and intrauterine environment,table 2,"Chen et al., 2022",2022-01-25,0.03,,0.0459,0.653,51,399,0.033,,0.03273,0.0472477,,,,F,NA,F,450,450,Homo sapiens,Continuous,Homo_sapiens,Umbilical cord,qPCR,Juvenile,Neither,Yes,Human,No,Regression,Yes,
22,99,Impact of Antiretroviral Treatment Containing Tenofovir Difumarate on the Telomere Length of Aviremic HIV-Infected Patients,"Table 2, All (TDF Exposed and Non-TDF Exposed)","Montejano et al., 2017",2017-09-01,0.002166061757,,0.0009,2.461,12,188,0.177,,0.17710,0.0690124,,,,M,NA,Both,200,200,Homo sapiens,Continuous,Homo_sapiens,Leucocytes,qPCR,Adult,Neither,Yes,Human,No,Regression,No,Linear
22,100,Impact of Antiretroviral Treatment Containing Tenofovir Difumarate on the Telomere Length of Aviremic HIV-Infected Patients,"Table 2, Non-TDF Exposed","Montejano et al., 2017",2017-09-01,0.00259798072,,0.0015,1.691,12,85,0.180,,0.18133,0.0997507,,,,M,NA,Both,97,97,Homo sapiens,Continuous,Homo_sapiens,Leucocytes,qPCR,Adult,Neither,Yes,Human,No,Regression,No,Linear
23,101,Longitudinal evidence that older parents produce offspring with longer telomeres in a wild social bird,"table 1, (>11 days)","Brown et al., 2021",2021-10-20,-0.087,,0.0530,-1.642,13,151,-0.132,,-0.13281,0.0774208,,,,M,57,Both,164,164,Plocepasser mahali,Seasonal,Plocepasser_mahali,Erythrocytes,qPCR,Juvenile,Within,Yes,Wild,Yes,Regression,Yes,Linear
23,102,Longitudinal evidence that older parents produce offspring with longer telomeres in a wild social bird,"table 1, (11–89 days)","Brown et al., 2021",2021-10-20,0.013,,0.0480,0.271,13,212,0.019,,0.01864,0.0670923,,,,M,57,Both,169,225,Plocepasser mahali,Seasonal,Plocepasser_mahali,Erythrocytes,qPCR,Juvenile,Within,Yes,Wild,Yes,Regression,Yes,Linear
23,103,Longitudinal evidence that older parents produce offspring with longer telomeres in a wild social bird,"table 1 (>90 days old, adult)","Brown et al., 2021",2021-10-20,0.096,,0.0400,2.400,13,363,0.125,,0.12515,0.0509671,,,,F,61,Both,165,376,Plocepasser mahali,Seasonal,Plocepasser_mahali,Erythrocytes,qPCR,Adult,Within,Yes,Wild,Yes,Regression,Yes,Linear
24,104,Telomere length is reduced in 9-to 16-year-old girls exposed to gestational diabetes in utero,"not significant, table 3","Hjort et al., 2018",2018-01-23,2.2,,7.5510,0.291,8,900,0.010,,0.00972,0.0332380,,,,F,908,Both,908,908,Homo sapiens,Continuous,Homo_sapiens,Leucocytes,qPCR,Juvenile,Neither,Yes,Human,No,Regression,No,Linear
24,105,Telomere length is reduced in 9-to 16-year-old girls exposed to gestational diabetes in utero,esm table 2,"Hjort et al., 2018",2018-01-23,11,,10.2041,1.078,7,465,0.050,,0.04998,0.0460604,,,,F,908,M,472,472,Homo sapiens,Continuous,Homo_sapiens,Leucocytes,qPCR,Juvenile,Neither,Yes,Human,No,Regression,No,Linear
24,106,Telomere length is reduced in 9-to 16-year-old girls exposed to gestational diabetes in utero,esm table 2,"Hjort et al., 2018",2018-01-23,-8.3,,11.8878,-0.698,7,429,-0.034,,-0.03373,0.0480023,,,,F,908,F,436,436,Homo sapiens,Continuous,Homo_sapiens,Leucocytes,qPCR,Juvenile,Neither,Yes,Human,No,Regression,No,None
25,107,Epigenetic inheritance of telomere length in wild birds,table 2a; delta age father,"Bauch et al., 2019",2019-02-14,,-55.5,20.2000,-2.748,,80.5,-0.293,,-0.29299,0.0342594,,,,M,197,Both,715,715,Corvus monedula,Seasonal,Corvus_monedula,Erythrocytes,TRFSouthern,Juvenile,Within,No,Wild,Yes,Mixed effects,No,Linear
25,108,Epigenetic inheritance of telomere length in wild birds,table 2a; delta age mother,"Bauch et al., 2019",2019-02-14,,-38.4,23.5000,-1.634,,27.5,-0.297,,-0.29768,0.0341556,,,,F,194,Both,715,715,Corvus monedula,Seasonal,Corvus_monedula,Erythrocytes,TRFSouthern,Juvenile,Within,No,Wild,Yes,Mixed effects,No,Linear
25,109,Epigenetic inheritance of telomere length in wild birds,table 2b; mean age father,"Bauch et al., 2019",2019-02-14,,-26.4,19.0000,-1.389,,189.3,-0.100,,-0.10055,0.0370977,,,,M,197,Both,715,715,Corvus monedula,Seasonal,Corvus_monedula,Erythrocytes,TRFSouthern,Juvenile,Between,No,Wild,Yes,Mixed effects,No,Linear
25,110,Epigenetic inheritance of telomere length in wild birds,table 2b; mean age mother,"Bauch et al., 2019",2019-02-14,,-31,17.5000,-1.771,,193.4,-0.126,,-0.12644,0.0368774,,,,F,194,Both,715,715,Corvus monedula,Seasonal,Corvus_monedula,Erythrocytes,TRFSouthern,Juvenile,Between,No,Wild,Yes,Mixed effects,No,Linear
26,111,Telomere length in early childhood is associated with sex and ethnicity,table 3,"Ly et al., 2019",2019-06-17,0.004,,0.0008,5.000,9,4375,0.075,,0.07539,0.0150224,,,,F,NA,Both,4384,4384,Homo sapiens,Continuous,Homo_sapiens,Buccal cells,qPCR,Juvenile,Neither,Yes,Human,No,Regression,No,Linear
26,112,Telomere length in early childhood is associated with sex and ethnicity,table 2,"Ly et al., 2019",2019-06-17,0.002,,0.0008,2.500,2,4382,0.038,,0.03774,0.0150867,,,,F,NA,Both,4384,4384,Homo sapiens,Continuous,Homo_sapiens,Buccal cells,qPCR,Juvenile,Neither,Yes,Human,No,Regression,No,Linear
26,113,Telomere length in early childhood is associated with sex and ethnicity,table 2,"Ly et al., 2019",2019-06-17,0.0038,,0.0009,4.222,2,4382,0.064,,0.06366,0.0150470,,,,M,NA,Both,4384,4384,Homo sapiens,Continuous,Homo_sapiens,Buccal cells,qPCR,Juvenile,Neither,Yes,Human,No,Regression,No,Linear
27,114,Shorter telomere length in peripheral blood leukocytes is associated with childhood autism,"Table 3, not significant","Li et al., 2014",2014-11-17,,,,,,,,0.010,0.01005,0.0966639,,,,M,NA,Both,110,110,Homo sapiens,Continuous,Homo_sapiens,Leucocytes,qPCR,Juvenile,Neither,Yes,Human,No,Correlation,No,None
27,115,Shorter telomere length in peripheral blood leukocytes is associated with childhood autism,"Table 3, not significant","Li et al., 2014",2014-11-17,,,,,,,,0.020,0.02009,0.0966346,,,,F,NA,Both,110,110,Homo sapiens,Continuous,Homo_sapiens,Leucocytes,qPCR,Juvenile,Neither,Yes,Human,No,Correlation,No,None
28,116,Characteristics of salivary telomere length shortening in preterm infants,preterm infants collected at birth,"Schneper et al., 2023",2023-01-17,0.019,,0.0070,2.714,5,18,0.539,,0.54898,0.1562175,,,,F,NA,Both,35,23,Homo sapiens,Continuous,Homo_sapiens,Buccal cells,qPCR,Juvenile,Neither,Yes,Human,No,Regression,Yes,Linear
28,117,Characteristics of salivary telomere length shortening in preterm infants,preterm infants at term adjusted age,"Schneper et al., 2023",2023-01-17,0.015,,0.0070,2.143,5,25,0.394,,0.40032,0.1616089,,,,F,NA,Both,35,30,Homo sapiens,Continuous,Homo_sapiens,Buccal cells,qPCR,Juvenile,Neither,Yes,Human,No,Regression,Yes,Linear
29,118,Testing for paternal influences on offspring telomere length in a human cohort in the Philippines,Supplementary Table 1,"Eisenberg et al., 2020",2019-12-16,0.0014,,0.0017,0.824,27,668,0.032,,0.03187,0.0379757,,,,M,NA,Both,695,695,Homo sapiens,Continuous,Homo_sapiens,Leucocytes,qPCR,Adult,Neither,Yes,Human,No,Regression,No,None
30,119,"Measurement and initial characterization of leukocyte telomere length in 474,074 participants in UK Biobank",Table 5 stage 1,"Codd et al., 2022",2022-02-17,0.02,,0.0010,19.600,3,97231,0.063,,0.06273,0.0031944,,,,M,97234,Both,97234,97234,Homo sapiens,Continuous,Homo_sapiens,Leucocytes,qPCR,Adult,Neither,No,Human,Yes,Regression,Yes,Linear
30,120,"Measurement and initial characterization of leukocyte telomere length in 474,074 participants in UK Biobank",Table 5 stage 1,"Codd et al., 2022",2022-02-17,0.017,,0.0005,33.320,3,170685,0.080,,0.08039,0.0024048,,,,F,170688,Both,170688,170688,Homo sapiens,Continuous,Homo_sapiens,Leucocytes,qPCR,Adult,Neither,No,Human,Yes,Regression,Yes,Linear
30,121,"Measurement and initial characterization of leukocyte telomere length in 474,074 participants in UK Biobank",Table 5 stage 2,"Codd et al., 2022",2022-02-17,0.018,,0.0031,5.880,4,21981,0.040,,0.03963,0.0067342,,,,M,21985,Both,21985,21985,Homo sapiens,Continuous,Homo_sapiens,Leucocytes,qPCR,Adult,Neither,No,Human,Yes,Regression,Yes,Linear
30,122,"Measurement and initial characterization of leukocyte telomere length in 474,074 participants in UK Biobank",Table 5 stage 2,"Codd et al., 2022",2022-02-17,0.004,,0.0031,1.307,4,21981,0.009,,0.00881,0.0067442,,,,F,21985,Both,21985,21985,Homo sapiens,Continuous,Homo_sapiens,Leucocytes,qPCR,Adult,Neither,No,Human,Yes,Regression,Yes,Linear
30,123,"Measurement and initial characterization of leukocyte telomere length in 474,074 participants in UK Biobank",Table 5 stage 2,"Codd et al., 2022",2022-02-17,0.019,,0.0026,7.448,4,10755,0.072,,0.07164,0.0095927,,,,M,10759,Both,10759,10759,Homo sapiens,Continuous,Homo_sapiens,Leucocytes,qPCR,Adult,Neither,No,Human,Yes,Regression,Yes,Linear
30,124,"Measurement and initial characterization of leukocyte telomere length in 474,074 participants in UK Biobank",Table 5 stage 2,"Codd et al., 2022",2022-02-17,0.001,,0.0026,0.392,4,10755,0.004,,0.00378,0.0096420,,,,F,10759,Both,10759,10759,Homo sapiens,Continuous,Homo_sapiens,Leucocytes,qPCR,Adult,Neither,No,Human,Yes,Regression,Yes,Linear
31,125,Early exclusive breastfeeding is associated with longer telomeres in Latino preschool children,"""Paternal age analyzed continuously was also positively associated with child TL""","Wojcicki et al., 2016",2016-07-20,,33.27,14.8827,2.235,5,155,0.177,,0.17728,0.0773004,,,,M,NA,Both,96,160,Homo sapiens,Continuous,Homo_sapiens,Leucocytes,qPCR,Juvenile,Neither,Yes,Human,No,Regression,No,Linear
32,126,Telomere length is not a main factor for the development of islet autoimmunity and type 1 diabetes in the TEDDY study,,"Törn et al., 2022",2022-03-16,0.013,,0.0055,2.364,18,1101,0.071,,0.07109,0.0297830,,,,M,1119,Both,1119,1119,Homo sapiens,Continuous,Homo_sapiens,Leucocytes,WGS,Juvenile,Neither,Yes,Human,No,Regression,No,None
32,127,Telomere length is not a main factor for the development of islet autoimmunity and type 1 diabetes in the TEDDY study,,"Törn et al., 2022",2022-03-16,0.002,,0.0064,0.313,18,1101,0.009,,0.00942,0.0299316,,,,F,1119,Both,1119,1119,Homo sapiens,Continuous,Homo_sapiens,Leucocytes,WGS,Juvenile,Neither,Yes,Human,No,Regression,No,None
33,128,Maternal pro-inflammatory state during pregnancy and newborn leukocyte telomere length: A prospective investigation,table 3; using UNstandardized coefficient for values as the goal is to see how maternal age affects TL in specific units (and not compare the influence of X vs Y on TL),"Lazarides et al., 2019",2019-04-08,0.002,,0.0060,0.333,6,106,0.032,,0.03251,0.0956814,,,,F,112,Both,112,112,Homo sapiens,Continuous,Homo_sapiens,Leucocytes,qPCR,Juvenile,Neither,Yes,Human,No,Regression,No,Linear
34,129,Telomere length is associated with oppositional defiant behavior and maternal clinical depression in Latino preschool children,,"Wojcicki et al., 2015",2015-06-16,,24.63,11.9847,2.055,7,196,0.145,,0.14560,0.0692118,,,,M,203,Both,203,203,Homo sapiens,Continuous,Homo_sapiens,Leucocytes,qPCR,Juvenile,Neither,Yes,Human,No,Regression,No,None
35,130,Genetic architecture and heritability of early-life telomere length in a wild passerine,"""There was no evidence for associations between offspring TL and ... PAC (β∆PAC =0.005 0.003, CI = [– 0.002, 0.011],βmean PAC= –0.001 ± 0.003, CI = [–0.008, 0.005], Figure S2.1b,d in Appendix S2).""","Le Pepke et al., 2022",2021-11-26,0.005,,0.0030,1.667,6,1921,0.038,,0.03801,0.0227651,,,,M,388,Both,1927,1927,Passer domesticus,Seasonal,Passer_domesticus,Erythrocytes,qPCR,Juvenile,Within,No,Wild,Yes,Regression,No,Linear
35,131,Genetic architecture and heritability of early-life telomere length in a wild passerine,"""There was no evidence for associations between offspring TL and MAC (β∆MAC =0.001 ± 0.004, CI = [– 0.007, 0.009],βmean MAC =0.001 0.005, CI = [–0.008, 0.010], Figures S2.1a,c in Appendix S2)""","Le Pepke et al., 2022",2021-11-26,0.001,,0.0040,0.250,6,1961,0.006,,0.00565,0.0225640,,,,F,373,Both,1967,1967,Passer domesticus,Seasonal,Passer_domesticus,Erythrocytes,qPCR,Juvenile,Within,No,Wild,Yes,Regression,No,Linear
35,132,Genetic architecture and heritability of early-life telomere length in a wild passerine,"""There was no evidence for associations between offspring TL and MAC (β∆MAC =0.001 ± 0.004, CI = [– 0.007, 0.009],βmean MAC =0.001 0.005, CI = [–0.008, 0.010], Figures S2.1a,c in Appendix S2)""","Le Pepke et al., 2022",2021-11-26,0.001,,0.0050,0.200,6,1921,0.005,,0.00456,0.0227976,,,,F,388,Both,1927,1927,Passer domesticus,Seasonal,Passer_domesticus,Erythrocytes,qPCR,Juvenile,Between,No,Wild,Yes,Regression,No,Linear
35,133,Genetic architecture and heritability of early-life telomere length in a wild passerine,"""There was no evidence for associations between offspring TL and ... PAC (β∆PAC =0.005 0.003, CI = [– 0.002, 0.011],βmean PAC= –0.001 ± 0.003, CI = [–0.008, 0.005], Figure S2.1b,d in Appendix S2).""","Le Pepke et al., 2022",2021-11-26,-0.001,,0.0030,-0.333,6,1961,-0.008,,-0.00753,0.0225634,,,,M,373,Both,1967,1967,Passer domesticus,Seasonal,Passer_domesticus,Erythrocytes,qPCR,Juvenile,Between,No,Wild,Yes,Regression,No,Linear
36,134,Leukocyte Telomere Length in Newborns: Implications for the Role of Telomeres in Human Disease,Table 3,"Factor-Litvak et al., 2016",2016-04-01,,16,6.0000,2.667,9,970,0.085,,0.08535,0.0317760,,,,M,490,Both,490,979,Homo sapiens,Continuous,Homo_sapiens,Leucocytes,TRFSouthern,Juvenile,Neither,No,Human,No,Regression,No,Linear
36,135,Leukocyte Telomere Length in Newborns: Implications for the Role of Telomeres in Human Disease,Table 3,"Factor-Litvak et al., 2016",2016-04-01,,5,8.0000,0.625,9,970,0.020,,0.02007,0.0319963,,,,F,490,Both,490,979,Homo sapiens,Continuous,Homo_sapiens,Leucocytes,TRFSouthern,Juvenile,Neither,No,Human,No,Regression,No,Linear
37,136,Prenatal Air Pollution and Newborns' Predisposition to Accelerated Biological Aging,"Cord blood telomere length PAC + eTable 1 + ""Models were adjusted for ... maternal age, paternal age, ...""","Martens et al., 2017",2017-12-01,0.24,,0.2041,1.176,21,620,0.047,,0.04721,0.0395021,,,,M,641,Both,641,641,Homo sapiens,Continuous,Homo_sapiens,Leucocytes,qPCR,Juvenile,Neither,Yes,Human,No,Regression,No,None
37,137,Prenatal Air Pollution and Newborns' Predisposition to Accelerated Biological Aging,Cord blood telomere length MAC + eTable 1,"Martens et al., 2017",2017-12-01,-0.06,,0.2500,-0.240,21,620,-0.010,,-0.00965,0.0395867,,,,F,641,Both,641,641,Homo sapiens,Continuous,Homo_sapiens,Leucocytes,qPCR,Juvenile,Neither,Yes,Human,No,Regression,No,Linear
38,138,Early life growth and adult telomere length in a Filipino cohort study,table 2,"Masterson et al., 2019",2019-08-05,0.002,,0.0005,3.920,2,1560,0.099,,0.09879,0.0250794,,,,M,1562,Both,1562,1562,Homo sapiens,Continuous,Homo_sapiens,Leucocytes,qPCR,Adult,Neither,No,Human,No,Regression,No,Linear
38,139,Early life growth and adult telomere length in a Filipino cohort study,table 2,"Masterson et al., 2019",2019-08-05,0.003,,0.0005,5.880,2,1560,0.147,,0.14730,0.0247771,,,,F,1562,Both,1562,1562,Homo sapiens,Continuous,Homo_sapiens,Leucocytes,qPCR,Adult,Neither,No,Human,No,Regression,No,Linear
38,140,Early life growth and adult telomere length in a Filipino cohort study,"table 3, 2b","Masterson et al., 2019",2019-08-05,0.003,,0.0005,5.880,6,1556,0.147,,0.14748,0.0247757,,,,M,1562,Both,1562,1562,Homo sapiens,Continuous,Homo_sapiens,Leucocytes,qPCR,Adult,Neither,Yes,Human,No,Regression,No,Linear
38,141,Early life growth and adult telomere length in a Filipino cohort study,"table 3, 2b","Masterson et al., 2019",2019-08-05,0.002,,0.0005,3.920,6,1556,0.099,,0.09892,0.0250788,,,,F,1562,Both,1562,1562,Homo sapiens,Continuous,Homo_sapiens,Leucocytes,qPCR,Adult,Neither,Yes,Human,No,Regression,No,Linear
39,142,Higher maternal vitamin D concentrations are associated with longer leukocyte telomeres in newborns,Table 2,"Kim et al., 2018",2017-06-09,,,,,,,,0.130,0.13063,0.0968516,,,,F,106,Both,106,106,Homo sapiens,Continuous,Homo_sapiens,Leucocytes,qPCR,Juvenile,Neither,No,Human,No,Correlation,No,Linear
40,141,How does maternal age influence reproductive performance and offspring phenotype in the snow petrel (Pagodroma nivea)?,from S Dupont,"Dupont et al., 2023",2023-10-13,,-0.02708,0.0302,-0.897,5,18,-0.207,,-0.21202,0.2135552,,,,F,23,Both,23,23,Pagodroma nivea,Seasonal,Pagodroma_nivea,Erythrocytes,TRFSouthern,Juvenile,Neither,No,Wild,No,Regression,No,Linear
41,142,Delayed paternal age of reproduction in humans is associated with longer telomeres across two generations of descendants,"Paternal age effect on offspring: ""longer TL was predicted by older paternal age at reproduction in both the offspring cohort (Table 1, model 1, n = 1,681, P = 4.00 × 10^−5)""","Eisenberg et al., 2012",2012-06-26,0.0027,,0.0190,0.142,4,1677,0.0035,,0.00347,0.0244117,,,,M,NA,Both,1681,1681,Homo sapiens,Continuous,Homo_sapiens,Leucocytes,qPCR,Adult,Neither,No,Human,No,Regression,No,Linear
41,143,Delayed paternal age of reproduction in humans is associated with longer telomeres across two generations of descendants,"Paternal age effect on mothers: “longer TL was predicted by older paternal age at reproduction in both the offspring cohort ... and their mothers (Table 2, model 1, n = 342, P = 0.003)”","Eisenberg et al., 2012",2012-06-26,0.0032,,0.0257,0.125,3,339,0.0068,,0.00678,0.0543100,,,,M,NA,F,342,342,Homo sapiens,Continuous,Homo_sapiens,Leucocytes,qPCR,Adult,Neither,No,Human,No,Regression,No,Linear
42,144,Reduced Fetal Telomere Length in Gestational Diabetes,"“Fetal telomere length was not significantly correlated with maternal age in normal pregnancy (R = 0.081, P = 0.532) ...","Xu et al., 2014",2014-01-22,,,,,,,,0.081,0.08120,0.0695524,,,,F,207,Both,207,207,Homo sapiens,Continuous,Homo_sapiens,Leucocytes,qPCR,Juvenile,Neither,No,Human,No,,,
42,145,Reduced Fetal Telomere Length in Gestational Diabetes,"“Fetal telomere length was not significantly correlated with maternal age in ... GDM (R = 0.058, P = 0.606)","Xu et al., 2014",2014-01-22,,,,,,,,0.058,0.05814,0.0697773,,,,F,207,Both,207,207,Homo sapiens,Continuous,Homo_sapiens,Leucocytes,qPCR,Juvenile,Neither,Yes,Human,No,,,
42,146,Reduced Fetal Telomere Length in Gestational Diabetes,"“Fetal telomere length was not significantly correlated with maternal age in ... gestational hypertension (R = 0.132, P = 0.652)","Xu et al., 2014",2014-01-22,,,,,,,,0.132,0.13232,0.0687882,,,,F,207,Both,207,207,Homo sapiens,Continuous,Homo_sapiens,Leucocytes,qPCR,Juvenile,Neither,Yes,Human,No,,,
42,147,Reduced Fetal Telomere Length in Gestational Diabetes,"“Fetal telomere length was not significantly correlated with maternal age in ... preeclampsia (R = 0.017, P = 0.923)","Xu et al., 2014",2014-01-22,,,,,,,,0.017,0.01704,0.0699937,,,,F,207,Both,207,207,Homo sapiens,Continuous,Homo_sapiens,Leucocytes,qPCR,Juvenile,Neither,Yes,Human,No,,,
42,148,Reduced Fetal Telomere Length in Gestational Diabetes,"“Fetal telomere length was not significantly correlated with maternal age in ... or all subjects (R = 0.029, P = 0.684).”","Xu et al., 2014",2014-01-22,,,,,,,,0.029,0.02907,0.0699548,,,,F,207,Both,207,207,Homo sapiens,Continuous,Homo_sapiens,Leucocytes,qPCR,Juvenile,Neither,Yes,Human,No,,,
43,149,WGS-based telomere length analysis in Dutch family trios implicates stronger maternal inheritance and a role for RRM1 gene,fig 2A,"Nersisyan et al., 2019",2019-12-10,,,,,,,,-0.0639,-0.06395,0.0364873,,,,M,NA,Both,748,748,Homo sapiens,Continuous,Homo_sapiens,Leucocytes,WGS,Juvenile,Neither,No,Human,No,,No,
43,150,WGS-based telomere length analysis in Dutch family trios implicates stronger maternal inheritance and a role for RRM1 gene,fig 2A,"Nersisyan et al., 2019",2019-12-10,,,,,,,,0.1924,0.19252,0.0352792,,,,F,NA,Both,748,748,Homo sapiens,Continuous,Homo_sapiens,Leucocytes,WGS,Juvenile,Neither,No,Human,No,,No,